City_ID,City,Country,Date,Lat,Lng,Max Temp,Humidity,Cloudiness,Wind Speed
0,Palana,RU,2021-04-09 20:46:15,59.1167,159.9667,12.07,90,100,18.5
1,Berbera,SO,2021-04-09 20:46:16,10.4396,45.0143,79.83,65,0,3.67
2,Lompoc,US,2021-04-09 20:46:16,34.6391,-120.4579,63.0,55,4,16.11
3,East London,ZA,2021-04-09 20:46:16,-33.0153,27.9116,66.0,84,33,3.87
4,Clinton,US,2021-04-09 20:46:16,42.587,-82.9199,73.99,52,75,18.41
5,Nelson Bay,AU,2021-04-09 20:46:17,-32.7167,152.15,64.99,100,90,4.61
6,Carnarvon,AU,2021-04-09 20:46:17,-24.8667,113.6333,77.0,78,40,8.05
7,Mataura,NZ,2021-04-09 20:46:17,-46.1927,168.8643,46.99,91,100,1.7
8,Luderitz,NA,2021-04-09 20:46:18,-26.6481,15.1594,74.46,51,0,8.7
9,Pointe Michel,DM,2021-04-09 20:46:18,15.25,-61.3833,80.6,78,75,2.3
10,Pimentel,PE,2021-04-09 20:43:44,-6.8367,-79.9342,80.6,54,0,21.85
11,Oudtshoorn,ZA,2021-04-09 20:46:18,-33.5907,22.2014,59.0,88,0,3.44
12,Hithadhoo,MV,2021-04-09 20:46:19,-0.6,73.0833,82.65,67,0,10.85
13,Castro,BR,2021-04-09 20:46:19,-24.7911,-50.0119,68.92,68,45,1.43
14,Bereda,ES,2021-04-09 20:46:19,43.2686,-7.5406,52.0,100,99,1.01
15,Rikitea,PF,2021-04-09 20:46:20,-23.1203,-134.9692,77.77,71,59,8.77
16,Arraial Do Cabo,BR,2021-04-09 20:41:21,-22.9661,-42.0278,80.6,54,0,14.97
17,Provideniya,RU,2021-04-09 20:46:20,64.3833,-173.3,0.55,88,100,12.1
18,Mar Del Plata,AR,2021-04-09 20:46:20,-38.0023,-57.5575,66.2,77,20,8.05
19,Ushuaia,AR,2021-04-09 20:42:19,-54.8,-68.3,48.2,57,40,20.71
20,Basco,PH,2021-04-09 20:46:21,20.4487,121.9702,75.36,70,49,18.72
21,Buraydah,SA,2021-04-09 20:42:10,26.326,43.975,86.0,26,40,6.91
22,Pevek,RU,2021-04-09 20:46:21,69.7008,170.3133,-16.31,92,41,1.63
23,Coihaique,CL,2021-04-09 20:46:19,-45.5752,-72.0662,55.4,58,40,8.05
24,Pantai Remis,MY,2021-04-09 20:46:22,4.4557,100.6288,77.0,94,20,3.89
25,Christchurch,NZ,2021-04-09 20:44:47,-43.5333,172.6333,60.01,94,40,10.36
26,Kapaa,US,2021-04-09 20:46:22,22.0752,-159.319,75.0,73,90,6.91
27,Touros,BR,2021-04-09 20:46:22,-5.1989,-35.4608,82.4,74,0,11.5
28,Vaini,TO,2021-04-09 20:46:23,-21.2,-175.2,77.0,78,40,4.61
29,Arlit,NE,2021-04-09 20:46:23,18.7369,7.3853,87.67,6,0,11.92
30,Yellowknife,CA,2021-04-09 20:43:04,62.456,-114.3525,16.0,57,75,16.11
31,Labuan,MY,2021-04-09 20:46:23,5.2767,115.2417,77.0,100,20,3.11
32,Port-Gentil,GA,2021-04-09 20:46:24,-0.7193,8.7815,80.6,89,40,2.3
33,Bambous Virieux,MU,2021-04-09 20:42:12,-20.3428,57.7575,77.0,94,75,3.44
34,Ensenada,MX,2021-04-09 20:46:24,31.8667,-116.6167,68.0,73,97,4.0
35,Koslan,RU,2021-04-09 20:46:24,63.4564,48.8989,31.24,88,12,8.14
36,Mana,GF,2021-04-09 20:46:24,5.6592,-53.7767,75.29,92,100,4.23
37,Dergachi,RU,2021-04-09 20:46:25,51.2328,48.7659,42.57,90,100,14.94
38,Bulawayo,ZW,2021-04-09 20:46:25,-20.15,28.5833,59.18,67,0,5.99
39,Iqaluit,CA,2021-04-09 20:46:25,63.7506,-68.5145,15.8,73,20,17.27
40,Tuktoyaktuk,CA,2021-04-09 20:46:26,69.4541,-133.0374,-16.6,76,90,16.11
41,Ponta Do Sol,PT,2021-04-09 20:46:26,32.6667,-17.1,62.01,72,98,3.0
42,Adrar,MR,2021-04-09 20:46:26,20.5022,-10.0711,84.96,13,0,8.79
43,Lakes Entrance,AU,2021-04-09 20:46:27,-37.8811,147.981,48.0,88,91,9.44
44,Barrow,US,2021-04-09 20:46:27,71.2906,-156.7887,-13.0,70,1,12.66
45,Cape Town,ZA,2021-04-09 20:46:27,-33.9258,18.4232,66.99,88,20,13.8
46,Hilo,US,2021-04-09 20:46:27,19.7297,-155.09,77.0,53,1,6.91
47,Leh,IN,2021-04-09 20:42:26,34.1667,77.5833,27.05,43,73,4.59
48,Port Alfred,ZA,2021-04-09 20:46:28,-33.5906,26.891,63.19,85,56,2.64
49,Saint Anthony,US,2021-04-09 20:46:28,45.0205,-93.218,51.8,82,90,13.8
50,Pisco,PE,2021-04-09 20:45:12,-13.7,-76.2167,73.99,64,75,19.57
51,Prince Rupert,CA,2021-04-09 20:45:24,54.3161,-130.3201,37.4,93,90,9.22
52,Meulaboh,ID,2021-04-09 20:41:49,4.1363,96.1285,78.57,86,100,4.34
53,Tura,IN,2021-04-09 20:42:50,25.5198,90.2201,68.07,66,0,3.56
54,Conway,US,2021-04-09 20:42:30,35.0887,-92.4421,75.2,73,40,11.5
55,Tasiilaq,GL,2021-04-09 20:47:29,65.6145,-37.6368,23.0,80,75,5.75
56,Punta Arenas,CL,2021-04-09 20:47:12,-53.15,-70.9167,51.8,58,40,11.5
57,Saint-Philippe,RE,2021-04-09 20:47:29,-21.3585,55.7679,77.0,69,40,3.44
58,Kodiak,US,2021-04-09 20:47:30,57.79,-152.4072,30.2,29,1,25.32
59,Paracatu,BR,2021-04-09 20:47:30,-17.2222,-46.8747,69.91,71,59,1.63
60,Rio Grande,BR,2021-04-09 20:47:30,-32.035,-52.0986,87.8,62,0,3.44
61,Port Elizabeth,ZA,2021-04-09 20:47:30,-33.918,25.5701,60.8,94,75,3.44
62,Qaanaaq,GL,2021-04-09 20:47:31,77.484,-69.3632,12.34,65,0,6.93
63,Puerto Ayora,EC,2021-04-09 20:47:31,-0.7393,-90.3518,80.6,78,75,3.44
64,Buchanan,LR,2021-04-09 20:47:32,5.8808,-10.0467,78.8,94,75,5.75
65,Saint George,US,2021-04-09 20:47:32,37.1041,-113.5841,77.0,13,1,6.91
66,Esperance,AU,2021-04-09 20:47:32,-33.8667,121.9,59.0,67,90,5.75
67,Chokurdakh,RU,2021-04-09 20:47:32,70.6333,147.9167,-6.9,92,100,12.62
68,Chuy,UY,2021-04-09 20:47:33,-33.6971,-53.4616,69.58,88,100,2.26
69,Henties Bay,NA,2021-04-09 20:43:34,-22.116,14.2845,75.0,64,0,3.0
70,Wasilla,US,2021-04-09 20:47:33,61.5814,-149.4394,15.8,32,1,8.05
71,Longyearbyen,SJ,2021-04-09 20:44:56,78.2186,15.6401,32.0,69,75,12.66
72,Albany,US,2021-04-09 20:47:33,42.6001,-73.9662,70.0,30,100,4.0
73,Kodinsk,RU,2021-04-09 20:47:34,58.6881,99.1844,19.24,95,100,3.13
74,Butaritari,KI,2021-04-09 20:47:34,3.0707,172.7902,82.2,78,100,16.98
75,Fjerritslev,DK,2021-04-09 20:47:34,57.0813,9.2664,39.0,86,90,13.8
76,Farah,AF,2021-04-09 20:47:35,32.5,62.5,68.83,13,37,2.42
77,Tashla,RU,2021-04-09 20:47:35,51.7716,52.7427,39.43,89,100,9.48
78,College,US,2021-04-09 20:47:35,64.8569,-147.8028,-0.99,46,75,3.44
79,Bethel,US,2021-04-09 20:45:57,41.3712,-73.414,63.0,45,1,5.75
80,Xining,CN,2021-04-09 20:47:35,36.6167,101.7667,41.85,87,100,2.48
81,Avarua,CK,2021-04-09 20:47:36,-21.2078,-159.775,82.4,78,94,6.91
82,Chake Chake,TZ,2021-04-09 20:47:36,-5.2459,39.7666,79.27,81,30,9.13
83,Atuona,PF,2021-04-09 20:47:36,-9.8,-139.0333,81.05,71,39,16.8
84,Jamestown,US,2021-04-09 20:43:26,42.097,-79.2353,63.0,82,90,9.22
85,Ancud,CL,2021-04-09 20:47:37,-41.8697,-73.8203,59.0,58,20,4.61
86,Erenhot,CN,2021-04-09 20:47:37,43.6475,111.9767,49.89,27,96,11.79
87,Laguna,US,2021-04-09 20:47:37,38.421,-121.4238,73.99,37,1,6.91
88,Matay,EG,2021-04-09 20:46:32,28.419,30.7792,58.32,52,0,21.83
89,Ginda,IN,2021-04-09 20:47:38,30.6945,78.4932,49.87,20,2,8.97
90,Khatanga,RU,2021-04-09 20:47:38,71.9667,102.5,-15.48,89,29,4.38
91,Kavaratti,IN,2021-04-09 20:47:38,10.5669,72.642,82.15,72,11,8.97
92,Georgetown,MY,2021-04-09 20:47:39,5.4112,100.3354,80.6,89,20,3.44
93,Hambantota,LK,2021-04-09 20:43:02,6.1241,81.1185,78.49,80,2,5.26
94,Mragowo,PL,2021-04-09 20:47:39,53.8644,21.3051,37.4,65,0,4.61
95,Busselton,AU,2021-04-09 20:47:39,-33.65,115.3333,57.99,80,0,4.0
96,San Cristobal,VE,2021-04-09 20:47:40,7.7669,-72.225,82.4,65,40,10.36
97,Kuroiso,JP,2021-04-09 20:47:40,36.9667,140.05,33.01,77,9,1.01
98,Ixtapa,MX,2021-04-09 20:47:40,20.7,-105.2,80.6,69,1,12.66
99,Chunskiy,RU,2021-04-09 20:47:40,56.0815,99.6342,21.42,92,100,2.84
100,Tiarei,PF,2021-04-09 20:47:41,-17.5333,-149.3333,86.0,66,40,16.11
101,Norman Wells,CA,2021-04-09 20:45:23,65.282,-126.8329,-4.0,65,90,21.85
102,Torbay,CA,2021-04-09 20:47:41,47.6666,-52.7314,37.99,100,90,14.97
103,Oktyabrskiy,RU,2021-04-09 20:47:41,54.4815,53.471,35.71,99,100,4.25
104,Kenai,US,2021-04-09 20:47:42,60.5544,-151.2583,19.4,45,1,18.41
105,Naryan-Mar,RU,2021-04-09 20:44:18,67.6713,53.087,32.29,78,77,15.57
106,Broken Hill,AU,2021-04-09 20:47:42,-31.95,141.4333,51.8,66,0,6.91
107,Kendari,ID,2021-04-09 20:46:02,-3.945,122.4989,74.03,93,100,2.1
108,Aberdeen,GB,2021-04-09 20:47:42,57.1437,-2.0981,32.0,86,75,9.22
109,Namtsy,RU,2021-04-09 20:48:43,62.7161,129.6658,23.0,80,40,6.71
110,Lamu,KE,2021-04-09 20:48:43,-2.2717,40.902,82.4,83,20,6.91
111,Hobart,AU,2021-04-09 20:48:43,-42.8794,147.3294,51.8,58,20,10.36
112,Hermanus,ZA,2021-04-09 20:48:44,-34.4187,19.2345,66.0,87,83,1.99
113,Bengkulu,ID,2021-04-09 20:48:44,-3.8004,102.2655,75.87,90,98,5.64
114,Thompson,CA,2021-04-09 20:48:44,55.7435,-97.8558,46.4,46,75,6.91
115,Jalu,LY,2021-04-09 20:48:45,29.0331,21.5482,63.01,36,0,20.11
116,Sarangani,PH,2021-04-09 20:48:45,5.4033,125.4636,82.56,73,76,9.42
117,Laukaa,RU,2021-04-09 20:48:45,58.7372,29.8453,39.24,79,100,15.08
118,Mancio Lima,BR,2021-04-09 20:48:46,-7.6142,-72.8958,80.1,94,100,1.41
119,Slave Lake,CA,2021-04-09 20:45:08,55.2834,-114.769,50.0,27,20,10.36
120,Atambua,ID,2021-04-09 20:48:46,-9.1061,124.8925,70.59,84,42,3.24
121,Katsuura,JP,2021-04-09 20:46:35,35.1333,140.3,46.99,36,100,16.84
122,Samarai,PG,2021-04-09 20:48:46,-10.6167,150.6667,79.11,85,100,8.79
123,Celestun,MX,2021-04-09 20:48:47,20.8667,-90.4,85.51,63,0,9.73
124,Kaitangata,NZ,2021-04-09 20:48:47,-46.2817,169.8464,51.26,85,82,1.19
125,Komsomolskiy,UZ,2021-04-09 20:48:47,40.4272,71.7189,55.4,38,4,6.91
126,Saskylakh,RU,2021-04-09 20:48:48,71.9167,114.0833,-24.65,100,100,3.09
127,Yaan,NG,2021-04-09 20:48:48,7.3833,8.5667,81.66,64,97,6.89
128,Fleron,BE,2021-04-09 20:48:48,50.6151,5.6814,50.0,76,75,9.22
129,Cherskiy,RU,2021-04-09 20:45:50,68.75,161.3,-0.6,74,100,0.51
130,Margate,GB,2021-04-09 20:48:49,51.3813,1.3862,48.0,62,100,1.99
131,Tessalit,ML,2021-04-09 20:48:49,20.1986,1.0114,86.04,9,0,7.02
132,Okaihau,NZ,2021-04-09 20:48:49,-35.3167,173.7833,66.99,95,100,17.0
133,Sinnamary,GF,2021-04-09 20:48:49,5.3833,-52.95,76.35,89,100,5.68
134,Kardla,EE,2021-04-09 20:48:50,58.9978,22.7492,39.99,85,19,18.99
135,Sao Filipe,CV,2021-04-09 20:45:13,14.8961,-24.4956,76.84,57,0,11.16
136,Talcahuano,CL,2021-04-09 20:48:50,-36.7167,-73.1167,59.0,72,0,8.05
137,Ribeira Grande,PT,2021-04-09 20:48:51,38.5167,-28.7,60.8,88,20,13.8
138,Boralday,KZ,2021-04-09 20:48:51,43.3578,76.8594,46.4,71,20,4.52
139,Salalah,OM,2021-04-09 20:48:51,17.0151,54.0924,82.4,69,40,5.75
140,New Norfolk,AU,2021-04-09 20:48:51,-42.7826,147.0587,50.0,70,100,1.01
141,Dikson,RU,2021-04-09 20:48:52,73.5069,80.5464,20.28,89,100,27.02
142,Leningradskiy,RU,2021-04-09 20:48:52,69.3833,178.4167,-13.36,92,51,5.5
143,Oranjemund,NA,2021-04-09 20:48:52,-28.55,16.4333,63.03,79,0,4.25
144,Krasnoborsk,RU,2021-04-09 20:48:53,61.5598,45.934,31.51,83,5,8.28
145,Lorengau,PG,2021-04-09 20:48:53,-2.0226,147.2712,80.15,83,100,12.95
146,Cidreira,BR,2021-04-09 20:48:53,-30.1811,-50.2056,75.13,76,61,9.15
147,Santa Maria,BR,2021-04-09 20:45:16,-29.6842,-53.8069,83.14,53,70,3.02
148,Llangefni,GB,2021-04-09 20:48:54,53.2556,-4.3106,42.01,70,6,6.91
149,Nemuro,JP,2021-04-09 20:48:54,43.3236,145.575,31.32,67,39,12.86
150,Hasaki,JP,2021-04-09 20:48:54,35.7333,140.8333,44.6,61,75,6.91
151,Vostok,RU,2021-04-09 20:48:55,46.4856,135.8833,21.15,78,77,5.17
152,Puerto Gaitan,CO,2021-04-09 20:44:35,4.3133,-72.0816,75.61,86,98,6.73
153,Mahebourg,MU,2021-04-09 20:46:05,-20.4081,57.7,73.4,94,75,3.44
154,Wufeng,CN,2021-04-09 20:48:55,27.45,104.8333,45.88,94,100,3.15
155,Santa Isabel Do Rio Negro,BR,2021-04-09 20:48:55,-0.4139,-65.0192,82.02,74,100,3.74
156,Aksu,CN,2021-04-09 20:48:32,41.1231,80.2644,51.91,49,33,3.65
157,Geraldton,AU,2021-04-09 20:48:56,-28.7667,114.6,78.8,47,100,16.11
158,Biscarrosse,FR,2021-04-09 20:48:56,44.3945,-1.1672,53.6,82,0,8.05
159,Fortuna,US,2021-04-09 20:49:56,40.5982,-124.1573,51.01,93,90,8.05
160,Nanakuli,US,2021-04-09 20:49:57,21.3906,-158.1547,78.8,47,20,9.22
161,Manturovo,RU,2021-04-09 20:49:57,58.3353,44.7619,26.49,94,0,4.05
162,Pangnirtung,CA,2021-04-09 20:49:57,66.1451,-65.7125,17.6,93,90,9.22
163,Bagdarin,RU,2021-04-09 20:49:58,54.4333,113.6,22.14,69,7,4.68
164,Santa Cruz Do Sul,BR,2021-04-09 20:49:58,-29.7175,-52.4258,86.0,66,100,1.99
165,Tres Arroyos,AR,2021-04-09 20:48:11,-38.3739,-60.2798,67.24,65,64,10.33
166,Hede,CN,2021-04-09 20:49:58,33.7681,120.2517,47.25,66,100,6.91
167,Bada,RU,2021-04-09 20:49:59,51.392,109.8717,28.72,91,41,6.67
168,Wagga Wagga,AU,2021-04-09 20:49:01,-35.1167,147.3667,50.0,81,75,5.75
169,Nanortalik,GL,2021-04-09 20:49:59,60.1432,-45.2371,36.72,98,100,10.07
170,Wanxian,CN,2021-04-09 20:49:59,30.8039,108.3897,61.41,73,100,1.68
171,Tiksi,RU,2021-04-09 20:50:00,71.6872,128.8694,-17.09,100,100,6.29
172,Bandarbeyla,SO,2021-04-09 20:50:00,9.4942,50.8122,77.54,65,0,6.06
173,Dingle,PH,2021-04-09 20:50:00,10.9995,122.6711,74.75,86,85,5.88
174,Saint-Pierre,RE,2021-04-09 20:50:01,-21.3393,55.4781,77.0,69,40,3.44
175,Upernavik,GL,2021-04-09 20:50:01,72.7868,-56.1549,18.25,93,100,11.45
176,Shelburne,CA,2021-04-09 20:45:42,44.0787,-80.2041,69.01,52,75,9.22
177,Ilulissat,GL,2021-04-09 20:50:01,69.2167,-51.1,32.0,93,75,6.91
178,Iquique,CL,2021-04-09 20:50:01,-20.2208,-70.1431,69.8,56,0,13.8
179,Novo Aripuana,BR,2021-04-09 20:50:02,-5.1206,-60.3797,83.23,71,100,2.46
180,Luau,AO,2021-04-09 20:50:02,-10.7073,22.2247,59.23,88,90,4.38
181,Mwense,ZM,2021-04-09 20:50:02,-10.3845,28.698,67.53,83,86,2.19
182,Werdau,DE,2021-04-09 20:50:03,50.7333,12.3833,42.01,77,74,1.99
183,Primorsk,UA,2021-04-09 20:50:03,46.7348,36.3443,41.67,71,99,7.85
184,Neath,GB,2021-04-09 20:50:03,51.6632,-3.8044,45.0,71,99,3.0
185,Bluff,NZ,2021-04-09 20:50:04,-46.6,168.3333,46.99,91,100,10.16
186,Alofi,NU,2021-04-09 20:46:38,-19.0595,-169.9187,78.8,78,34,6.91
187,Cody,US,2021-04-09 20:49:37,44.5263,-109.0565,53.01,23,1,9.22
188,Vestmannaeyjar,IS,2021-04-09 20:50:04,63.4427,-20.2734,30.72,51,3,14.14
189,Fairbanks,US,2021-04-09 20:46:24,64.8378,-147.7164,-0.99,54,20,5.75
190,Grong,NO,2021-04-09 20:50:04,64.4654,12.3149,32.0,93,90,5.75
191,Bayshore Gardens,US,2021-04-09 20:50:05,27.4253,-82.5904,84.0,69,1,11.5
192,Palmer,US,2021-04-09 20:50:05,42.1584,-72.3287,71.01,32,75,10.36
193,Deputatskiy,RU,2021-04-09 20:50:05,69.3,139.9,-13.74,98,98,1.36
194,Xinpu,CN,2021-04-09 20:50:06,34.5997,119.1594,47.1,51,98,4.83
195,Chakwal,PK,2021-04-09 20:50:06,32.9334,72.8585,67.93,23,91,3.78
196,Tak Bai,TH,2021-04-09 20:50:06,6.2595,102.0546,77.0,94,20,2.3
197,Zyryanka,RU,2021-04-09 20:50:06,65.75,150.85,3.51,93,100,11.43
198,Viedma,AR,2021-04-09 20:50:07,-40.8135,-62.9967,66.72,47,80,12.53
199,Seoul,KR,2021-04-09 20:50:07,37.5683,126.9778,46.4,65,0,8.05
200,Beyneu,KZ,2021-04-09 20:50:07,45.3167,55.2,66.11,39,14,17.78
201,Marsa Matruh,EG,2021-04-09 20:50:08,31.3525,27.2453,57.2,47,75,18.41
202,Krasnoselkup,RU,2021-04-09 20:50:08,65.7,82.4667,28.62,95,97,8.59
203,Portland,US,2021-04-09 20:50:04,45.5234,-122.6762,59.0,47,75,4.61
204,Morros,BR,2021-04-09 20:50:08,-9.4467,-46.3003,81.05,51,15,4.47
205,Dryden,CA,2021-04-09 20:50:09,49.7833,-92.7503,41.0,100,90,8.05
206,Black Forest,US,2021-04-09 20:50:09,39.0131,-104.7008,48.99,25,1,24.16
207,Kudahuvadhoo,MV,2021-04-09 20:50:09,2.6708,72.8944,81.73,74,3,7.4
208,Hailun,CN,2021-04-09 20:50:09,47.45,126.9333,39.74,31,94,11.5
209,Ellsworth,US,2021-04-09 20:50:10,44.5434,-68.4195,59.0,71,1,14.97
210,Verkhnevilyuysk,RU,2021-04-09 20:50:10,63.4453,120.3167,7.21,94,99,6.49
211,Sibolga,ID,2021-04-09 20:50:10,1.7427,98.7792,76.53,90,92,3.02
212,Semme,FR,2021-04-09 20:50:11,46.1963,1.5007,51.8,62,0,12.66
213,Vredendal,ZA,2021-04-09 20:50:11,-31.6683,18.5012,63.66,83,75,3.2
214,Labrea,BR,2021-04-09 20:50:11,-7.2586,-64.7981,85.23,74,97,1.74
215,Carmarthen,GB,2021-04-09 20:51:12,51.8555,-4.3054,44.6,70,90,13.8
216,Codrington,AU,2021-04-09 20:51:12,-38.2667,141.9667,55.74,80,48,18.32
217,Talnakh,RU,2021-04-09 20:51:12,69.4865,88.3972,20.61,92,100,9.04
218,Tshane,BW,2021-04-09 20:51:13,-24.0196,21.8684,70.93,40,21,7.76
219,Aklavik,CA,2021-04-09 20:51:13,68.2191,-135.0107,-14.8,58,90,14.97
220,Yambio,SS,2021-04-09 20:51:14,4.5721,28.3955,69.1,81,97,5.91
221,Constitucion,CL,2021-04-09 20:51:14,-35.3333,-72.4167,60.03,68,100,15.84
222,Jacareacanga,BR,2021-04-09 20:51:14,-6.2222,-57.7528,85.77,62,87,3.94
223,Lincoln,US,2021-04-09 20:50:37,40.8,-96.667,64.4,45,75,17.27
224,Klaksvik,FO,2021-04-09 20:51:14,62.2266,-6.589,28.4,93,75,28.77
225,Binucayan,PH,2021-04-09 20:51:15,8.25,125.7167,72.46,99,87,0.4
226,Dehloran,IR,2021-04-09 20:51:15,32.6941,47.2679,80.38,17,72,5.55
227,Itarema,BR,2021-04-09 20:51:15,-2.9248,-39.9167,80.85,77,85,14.43
228,Port Blair,IN,2021-04-09 20:51:16,11.6667,92.75,80.87,74,39,1.52
229,Lata,PT,2021-04-09 20:47:46,40.1629,-8.3327,60.01,87,76,2.21
230,Salinopolis,BR,2021-04-09 20:51:16,-0.6136,-47.3561,79.72,85,96,11.72
231,Mogadishu,SO,2021-04-09 20:51:16,2.0371,45.3438,82.11,75,44,9.46
232,High Prairie,CA,2021-04-09 20:51:17,55.4334,-116.4858,42.8,42,21,10.36
233,Sosnogorsk,RU,2021-04-09 20:51:17,63.6023,53.8817,31.75,92,17,6.69
234,Nizwa,OM,2021-04-09 20:49:17,22.9333,57.5333,73.8,41,0,5.64
235,Cedral,MX,2021-04-09 20:51:17,23.8,-100.7333,89.94,7,0,17.49
236,San Policarpo,PH,2021-04-09 20:51:18,12.1791,125.5072,79.34,76,100,8.81
237,Puerto Cabezas,NI,2021-04-09 20:51:05,14.0351,-83.3888,86.0,84,40,6.91
238,Saint-Augustin,CA,2021-04-09 20:51:18,51.226,-58.6502,38.14,73,67,13.0
239,Shirokiy,RU,2021-04-09 20:51:18,49.758,129.523,32.76,55,39,7.34
240,Bredasdorp,ZA,2021-04-09 20:51:18,-34.5322,20.0403,64.4,88,86,2.3
241,Bac Lieu,VN,2021-04-09 20:51:19,9.285,105.7244,80.83,74,99,9.19
242,Fomboni,KM,2021-04-09 20:51:19,-12.28,43.7425,83.91,66,99,6.02
243,Sao Felix Do Xingu,BR,2021-04-09 20:50:17,-6.6447,-51.995,81.12,77,25,3.11
244,Bajil,YE,2021-04-09 20:51:20,15.0584,43.2851,84.74,35,29,2.91
245,Kautokeino,NO,2021-04-09 20:51:20,69.0125,23.0412,12.33,93,100,7.36
246,Sioux Lookout,CA,2021-04-09 20:51:20,50.1001,-91.917,42.8,100,90,5.75
247,Broome,US,2021-04-09 20:46:37,42.2506,-75.833,62.01,58,90,9.22
248,Ushtobe,KZ,2021-04-09 20:51:20,45.2514,77.9838,52.21,48,9,6.06
249,Saint-Louis,SN,2021-04-09 20:51:21,16.3333,-15.0,88.16,16,0,20.22
250,Guerrero Negro,MX,2021-04-09 20:51:21,27.9769,-114.0611,68.94,55,95,20.78
251,Takoradi,GH,2021-04-09 20:51:21,4.8845,-1.7554,81.1,85,75,5.37
252,Ishigaki,JP,2021-04-09 20:48:05,24.3448,124.1572,72.63,74,90,12.01
253,Faanui,PF,2021-04-09 20:51:22,-16.4833,-151.75,81.82,70,100,8.52
254,Ormara,PK,2021-04-09 20:51:22,25.2088,64.6357,78.96,69,0,10.4
255,Espanola,US,2021-04-09 20:51:22,35.9911,-106.0806,64.0,7,1,21.85
256,Nikolskoye,RU,2021-04-09 20:51:23,59.7035,30.7861,39.99,75,75,20.13
257,Coquimbo,CL,2021-04-09 20:47:28,-29.9533,-71.3436,64.4,72,0,14.97
258,Roald,NO,2021-04-09 20:51:23,62.5833,6.1333,37.0,93,90,16.11
259,Smirnykh,RU,2021-04-09 20:51:23,49.75,142.8333,21.83,88,7,4.36
260,Moose Factory,CA,2021-04-09 20:51:24,51.2585,-80.6094,57.2,62,1,14.97
261,Capitao Poco,BR,2021-04-09 20:51:24,-1.7464,-47.0594,76.21,92,90,5.12
262,Olafsvik,IS,2021-04-09 20:51:24,64.8945,-23.7142,31.71,60,17,3.98
263,Tramandai,BR,2021-04-09 20:51:25,-29.9847,-50.1336,75.18,76,58,8.61
264,Am Timan,TD,2021-04-09 20:51:25,11.0297,20.2827,90.55,7,26,4.83
265,Mitsamiouli,KM,2021-04-09 20:51:25,-11.3847,43.2844,81.16,76,95,8.14
266,Freeport,US,2021-04-09 20:49:41,40.6576,-73.5832,54.0,71,1,8.05
267,Husavik,IS,2021-04-09 20:51:26,66.0449,-17.3389,26.6,59,0,5.75
268,Sembakung,ID,2021-04-09 20:52:26,3.8167,117.25,72.12,99,96,0.67
269,Clyde River,CA,2021-04-09 20:52:26,70.4692,-68.5914,14.0,73,20,12.66
270,Twin Falls,US,2021-04-09 20:52:27,42.3505,-114.6445,52.0,25,1,8.05
271,Kahului,US,2021-04-09 20:52:02,20.8947,-156.47,78.8,57,20,24.16
272,Hirara,JP,2021-04-09 20:51:53,24.8,125.2833,71.76,74,100,16.4
273,Semey,KZ,2021-04-09 20:52:27,50.4111,80.2275,32.85,78,5,7.4
274,Tokur,RU,2021-04-09 20:52:27,53.1333,132.9,12.27,94,94,3.38
275,Hofn,IS,2021-04-09 20:52:28,64.2539,-15.2082,26.01,49,0,11.16
276,Rosarito,MX,2021-04-09 20:52:28,32.3333,-117.0333,71.6,60,20,13.8
277,Umm Lajj,SA,2021-04-09 20:52:28,25.0213,37.2685,73.31,62,0,8.23
278,Thinadhoo,MV,2021-04-09 20:52:29,0.5333,72.9333,82.42,72,5,10.31
279,Erdaojiang,CN,2021-04-09 20:51:04,41.7764,126.0319,36.23,37,23,2.8
280,Narsaq,GL,2021-04-09 20:52:29,60.9167,-46.05,42.8,52,75,5.75
281,Caraquet,CA,2021-04-09 20:52:29,47.7941,-64.9386,59.0,51,99,5.75
282,Victoria,HK,2021-04-09 20:49:58,22.2855,114.1577,70.0,77,96,1.99
283,Shetpe,KZ,2021-04-09 20:52:30,44.1667,52.1167,68.54,29,0,11.92
284,Airai,TL,2021-04-09 20:52:30,-8.9266,125.4092,57.29,77,93,1.5
285,Mayumba,GA,2021-04-09 20:52:30,-3.432,10.6554,80.78,88,98,5.17
286,Itaqui,BR,2021-04-09 20:52:30,-29.1253,-56.5531,85.33,57,4,9.22
287,Avera,US,2021-04-09 20:52:31,33.194,-82.5271,73.4,83,1,5.75
288,Zaqatala,AZ,2021-04-09 20:52:31,41.6336,46.6433,66.2,68,75,6.91
289,Juneau,US,2021-04-09 20:52:31,58.3019,-134.4197,32.0,86,90,6.91
290,Kismayo,SO,2021-04-09 20:52:32,-0.3582,42.5454,81.57,78,47,10.04
291,Lavrentiya,RU,2021-04-09 20:52:32,65.5833,-171.0,-4.7,94,100,3.85
292,Nouakchott,MR,2021-04-09 20:52:32,18.0858,-15.9785,69.8,73,0,19.57
293,Teya,RU,2021-04-09 20:52:33,60.3778,92.6267,13.66,98,91,2.28
294,Port Hardy,CA,2021-04-09 20:52:33,50.6996,-127.4199,42.8,87,75,11.5
295,Lakatoro,VU,2021-04-09 20:52:33,-16.0999,167.4164,82.36,76,98,9.37
296,Hamilton,US,2021-04-09 20:49:45,39.1834,-84.5333,80.6,33,40,14.97
297,Asau,RO,2021-04-09 20:52:33,46.4333,26.4,35.01,50,4,4.97
298,Cayenne,GF,2021-04-09 20:52:34,4.9333,-52.3333,86.0,74,40,6.91
299,Hobyo,SO,2021-04-09 20:52:34,5.3505,48.5268,81.99,65,1,11.21
300,Ahipara,NZ,2021-04-09 20:52:34,-35.1667,173.1667,66.45,94,100,19.15
301,Dwarka,IN,2021-04-09 20:52:35,22.2394,68.9678,79.74,71,0,13.73
302,Magdalena,PH,2021-04-09 20:52:35,14.1999,121.429,82.99,74,54,4.0
303,Mukhen,RU,2021-04-09 20:52:35,48.1,136.1,32.09,62,33,6.35
304,Beloha,MG,2021-04-09 20:52:36,-25.1667,45.05,72.12,94,57,6.8
305,Santa Fe,AR,2021-04-09 20:49:54,-31.6333,-60.7,76.03,86,94,3.04
306,Lagoa,PT,2021-04-09 20:52:36,39.05,-27.9833,58.84,82,100,12.5
307,Shelabolikha,RU,2021-04-09 20:52:36,53.4131,82.6167,32.0,64,0,8.95
308,Belyy Yar,RU,2021-04-09 20:52:36,53.6039,91.3903,32.0,74,0,2.24
309,Regenstauf,DE,2021-04-09 20:52:37,49.1217,12.1292,46.99,17,40,3.44
310,Kuvandyk,RU,2021-04-09 20:52:37,51.4781,57.3552,37.65,81,96,8.57
311,Mucuri,BR,2021-04-09 20:52:37,-18.0864,-39.5508,76.87,71,35,14.25
312,Pochutla,MX,2021-04-09 20:52:38,15.7432,-96.4661,89.01,62,20,11.5
313,Haines Junction,CA,2021-04-09 20:52:38,60.7522,-137.5108,6.8,43,100,18.41
314,Vrangel,RU,2021-04-09 20:52:38,42.7297,133.0839,35.2,61,1,5.66
315,Taveta,KE,2021-04-09 20:52:39,-3.3963,37.6736,70.57,87,59,4.41
316,Mount Pleasant,US,2021-04-09 20:52:39,32.7941,-79.8626,75.2,69,1,11.5
317,Souillac,MU,2021-04-09 20:52:39,-20.5167,57.5167,73.4,94,75,3.44
318,Sabang,ID,2021-04-09 20:52:39,5.8933,95.3214,83.07,72,97,6.06
319,Coahuayana,MX,2021-04-09 20:52:40,18.7333,-103.6833,87.8,27,1,7.85
320,Birin,NP,2021-04-09 20:52:40,26.8865,88.0718,57.38,60,0,5.57
321,Milici,BA,2021-04-09 20:52:40,44.1711,19.0903,41.0,65,0,1.14
322,Oussouye,SN,2021-04-09 20:52:40,12.485,-16.5469,84.2,61,0,6.91
323,Moroto,UG,2021-04-09 20:53:41,2.5345,34.6666,73.0,52,12,2.01
324,Iquitos,PE,2021-04-09 20:51:49,-3.7481,-73.2472,93.2,59,75,6.91
325,Dakar,SN,2021-04-09 20:50:33,14.6937,-17.4441,69.8,88,0,13.8
326,Kostino,RU,2021-04-09 20:53:42,58.9097,53.2691,29.05,97,100,2.1
327,Ust-Maya,RU,2021-04-09 20:53:42,60.4167,134.5333,24.33,99,100,1.59
328,Deniliquin,AU,2021-04-09 20:53:42,-35.5333,144.9667,50.0,82,31,5.88
329,Todos Santos,MX,2021-04-09 20:53:42,23.45,-110.2167,75.0,72,38,5.01
330,Pitimbu,BR,2021-04-09 20:53:43,-7.4706,-34.8086,75.2,100,75,21.85
331,Cabo San Lucas,MX,2021-04-09 20:52:44,22.8909,-109.9124,93.2,20,20,9.22
332,Daragutan,PH,2021-04-09 20:49:15,17.0,122.0333,69.3,93,44,1.25
333,Eldama Ravine,KE,2021-04-09 20:53:44,0.0516,35.7308,59.0,94,75,3.44
334,Pio Ix,BR,2021-04-09 20:53:44,-6.8375,-40.5792,75.09,66,100,7.99
335,Kutum,SD,2021-04-09 20:53:44,14.2,24.6667,73.62,8,14,12.64
336,Sola,VU,2021-04-09 20:52:39,-13.8833,167.55,82.6,69,95,7.14
337,Kinloss,GB,2021-04-09 20:53:45,57.6349,-3.5701,37.4,80,40,12.66
338,Gushikawa,JP,2021-04-09 20:53:45,26.3544,127.8686,69.8,73,20,10.36
339,Sonipat,IN,2021-04-09 20:50:08,28.9833,77.0167,78.8,22,0,4.61
340,Doume,CM,2021-04-09 20:53:45,4.2333,13.45,69.85,91,96,5.1
341,Marrakesh,MA,2021-04-09 20:49:08,31.6315,-8.0083,69.8,37,75,4.61
342,Divnomorskoye,RU,2021-04-09 20:53:46,44.5011,38.1353,39.27,96,100,11.79
343,Batagay-Alyta,RU,2021-04-09 20:53:46,67.8006,130.4114,-12.06,89,96,6.44
344,Mandalgovi,MN,2021-04-09 20:53:46,45.7625,106.2708,42.04,52,100,6.78
345,Mlonggo,ID,2021-04-09 20:53:46,-6.5333,110.7,79.0,85,39,3.76
346,Labuhan,ID,2021-04-09 20:53:47,-6.8844,112.2051,78.04,87,84,4.72
347,Nuqui,CO,2021-04-09 20:53:47,5.7125,-77.2708,76.55,91,100,2.1
348,Alice Springs,AU,2021-04-09 20:53:47,-23.7,133.8833,57.2,67,13,4.61
349,Terrace Bay,CA,2021-04-09 20:53:48,48.7834,-87.1,53.6,87,90,5.75
350,San Andres,CO,2021-04-09 20:51:48,12.5847,-81.7006,82.4,78,75,11.5
351,Atar,MR,2021-04-09 20:53:48,20.5169,-13.0499,86.13,14,0,8.86
352,Hami,CN,2021-04-09 20:49:06,42.8,93.45,54.7,28,26,4.12
353,Ugoofaaru,MV,2021-04-09 20:53:48,5.6667,73.0,82.31,74,0,5.37
354,Poya,NC,2021-04-09 20:53:49,-21.35,165.15,78.75,83,99,5.7
355,Murgab,TM,2021-04-09 20:53:49,37.4966,61.9714,60.8,51,0,11.5
356,Richards Bay,ZA,2021-04-09 20:53:49,-28.783,32.0377,68.0,90,1,3.15
357,Kapan,AM,2021-04-09 20:53:49,39.2075,46.4058,61.83,51,61,4.07
358,Taoudenni,ML,2021-04-09 20:53:50,22.6783,-3.9836,89.02,12,36,9.64
359,Rafraf,TN,2021-04-09 20:53:50,37.1904,10.1837,59.0,55,20,13.8
360,Natal,BR,2021-04-09 20:51:39,-5.795,-35.2094,84.2,74,40,14.97
361,Mariental,NA,2021-04-09 20:53:50,-24.6333,17.9667,75.02,28,0,10.83
362,Surgut,RU,2021-04-09 20:53:51,61.25,73.4167,35.6,69,0,6.71
363,Savannah Bight,HN,2021-04-09 20:53:51,16.45,-85.85,89.6,58,75,3.44
364,Poum,NC,2021-04-09 20:53:51,-20.2333,164.0167,78.42,87,100,17.6
365,Kemijarvi,FI,2021-04-09 20:53:52,66.7131,27.4306,32.31,97,100,9.24
366,Eregli,TR,2021-04-09 20:53:52,37.5133,34.0467,37.06,94,100,2.64
367,Grootfontein,NA,2021-04-09 20:53:52,-19.5667,18.1167,55.4,76,0,2.3
368,Maryville,US,2021-04-09 20:53:52,35.7565,-83.9705,82.4,26,75,5.75
369,Punta De Bombon,PE,2021-04-09 20:53:53,-17.1717,-71.7931,69.33,74,89,4.68
370,Wattegama,LK,2021-04-09 20:53:53,6.7989,81.4808,73.31,94,29,2.33
371,Kyshtovka,RU,2021-04-09 20:53:53,56.555,76.6271,29.64,95,23,9.4
372,Half Moon Bay,US,2021-04-09 20:53:54,37.4636,-122.4286,62.01,71,90,14.97
373,Champerico,GT,2021-04-09 20:53:54,14.3,-91.9167,95.0,59,40,9.22
374,Sarakhs,IR,2021-04-09 20:53:01,36.5449,61.1577,69.8,24,2,4.61
375,Lumut,MY,2021-04-09 20:53:54,4.2323,100.6298,77.0,94,20,5.44
376,Flin Flon,CA,2021-04-09 20:54:55,54.7682,-101.865,35.6,64,40,12.66
377,Arue,PF,2021-04-09 20:54:55,-17.5167,-149.5,86.0,66,40,16.11
378,Kitami,JP,2021-04-09 20:54:55,43.8031,143.8908,28.0,73,99,7.0
379,Ridgecrest,US,2021-04-09 20:50:57,35.6225,-117.6709,84.0,8,1,5.75
380,Linjiang,CN,2021-04-09 20:54:56,41.8069,126.9078,34.03,50,64,1.79
381,Saint-Paul,RE,2021-04-09 20:54:21,-21.0096,55.2707,77.0,78,20,5.75
382,San Miguel,SV,2021-04-09 20:54:56,13.4833,-88.1833,93.2,58,40,6.91
383,Pacific Grove,US,2021-04-09 20:52:05,36.6177,-121.9166,59.0,58,40,12.66
384,Mustafakemalpasa,TR,2021-04-09 20:54:56,40.0353,28.4117,39.2,87,0,4.61
385,Shasta Lake,US,2021-04-09 20:54:57,40.6804,-122.3708,72.0,30,1,3.44
386,Dali,CN,2021-04-09 20:54:57,25.7,100.1833,51.8,86,1,5.14
387,Mildura,AU,2021-04-09 20:54:57,-34.2,142.15,52.0,76,75,5.75
388,Hay River,CA,2021-04-09 20:54:58,60.8156,-115.7999,17.6,86,100,19.57
389,Waddan,LY,2021-04-09 20:54:58,29.1614,16.139,59.14,54,11,18.01
390,Veracruz,MX,2021-04-09 20:50:08,19.3333,-96.6667,98.6,39,20,18.41
391,Sitka,US,2021-04-09 20:51:35,57.0531,-135.33,35.6,80,75,3.44
392,Vila Velha,BR,2021-04-09 20:54:58,-20.3297,-40.2925,78.01,78,75,14.97
393,Malumfashi,NG,2021-04-09 20:54:59,11.7853,7.6218,86.32,8,80,6.8
394,Otane,NZ,2021-04-09 20:54:59,-39.8833,176.6333,63.0,85,100,7.0
395,Robore,BO,2021-04-09 20:54:59,-18.3333,-59.75,89.6,62,20,5.75
396,Malinao,PH,2021-04-09 20:55:00,7.5917,124.6889,67.89,89,100,2.57
397,Vila Franca Do Campo,PT,2021-04-09 20:55:00,37.7167,-25.4333,59.0,82,20,5.75
398,Marawi,PH,2021-04-09 20:55:00,7.9986,124.2928,77.0,86,99,4.0
399,Paraiso,CR,2021-04-09 20:54:00,9.8383,-83.8656,69.8,100,90,4.61
400,Sistranda,NO,2021-04-09 20:55:01,63.7256,8.834,33.8,80,75,5.75
401,Diamantino,BR,2021-04-09 20:55:01,-14.4086,-56.4461,78.73,77,100,3.96
402,Fallon,US,2021-04-09 20:55:01,39.4735,-118.7774,64.4,11,20,2.13
403,San Rafael,AR,2021-04-09 20:50:36,-34.6177,-68.3301,57.02,42,100,7.18
404,Karasjok,NO,2021-04-09 20:55:02,69.4719,25.5112,17.6,67,0,13.8
405,Stornoway,GB,2021-04-09 20:55:02,58.2093,-6.3865,35.01,86,40,3.44
406,Namatanai,PG,2021-04-09 20:52:46,-3.6667,152.4333,80.56,81,99,4.9
407,Zhigansk,RU,2021-04-09 20:55:03,66.7697,123.3711,2.19,89,100,16.84
408,Preili,LV,2021-04-09 20:55:03,56.2944,26.7246,40.62,62,100,14.65
409,Paamiut,GL,2021-04-09 20:55:03,61.994,-49.6678,34.52,97,100,7.61
410,Waspan,NI,2021-04-09 20:55:04,14.7419,-83.9717,86.0,74,75,13.8
411,Nishihara,JP,2021-04-09 20:55:04,26.1842,127.7558,69.8,64,75,12.66
412,Finschhafen,PG,2021-04-09 20:55:04,-6.6024,147.8681,79.61,83,100,4.68
413,Uvira,CD,2021-04-09 20:55:05,-3.4067,29.1458,71.98,88,100,1.36
414,Porto Murtinho,BR,2021-04-09 20:55:05,-21.6989,-57.8825,93.24,36,71,7.76
415,Qasigiannguit,GL,2021-04-09 20:55:05,68.8193,-51.1922,32.0,93,75,6.91
416,Lebu,CL,2021-04-09 20:51:31,-37.6167,-73.65,56.37,78,100,15.1
417,Humaita,BR,2021-04-09 20:51:13,-7.5061,-63.0208,81.97,78,100,4.43
418,Naze,JP,2021-04-09 20:55:06,28.3667,129.4833,63.52,70,65,13.47
419,Sawakin,SD,2021-04-09 20:55:06,19.1059,37.3321,78.04,69,4,14.5
420,Bakal,RU,2021-04-09 20:55:06,54.9417,58.8083,35.11,94,92,4.74
421,San Patricio,US,2021-04-09 20:53:29,28.017,-97.5169,93.2,52,1,13.8
422,Bubaque,GW,2021-04-09 20:50:44,11.2833,-15.8333,76.95,75,7,17.69
423,Pandamatenga,BW,2021-04-09 20:55:07,-18.5278,25.627,62.64,51,1,3.36
424,Huallanca,PE,2021-04-09 20:55:07,-9.8993,-76.9417,53.58,73,100,4.88
425,Jijiga,ET,2021-04-09 20:55:07,9.35,42.8,66.9,31,3,6.44
426,Palestine,PS,2021-04-09 20:55:08,31.9216,35.2033,60.8,59,20,12.66
427,Ratangarh,IN,2021-04-09 20:55:08,28.0833,74.6,78.87,12,0,7.81
428,Kidal,ML,2021-04-09 20:55:08,18.4411,1.4078,87.24,7,0,9.35
429,Nhulunbuy,AU,2021-04-09 20:51:45,-12.2333,136.7667,77.0,94,75,6.04
430,Nouadhibou,MR,2021-04-09 20:56:09,20.931,-17.0347,66.2,77,0,19.57
431,Goderich,CA,2021-04-09 20:56:09,43.7501,-81.7165,69.8,37,35,16.11
432,Egvekinot,RU,2021-04-09 20:51:25,66.3167,-179.1667,-0.98,82,100,1.05
433,Batemans Bay,AU,2021-04-09 20:56:09,-35.7167,150.1833,57.0,76,99,0.69
434,Iracoubo,GF,2021-04-09 20:56:10,5.4802,-53.2011,75.74,91,100,5.41
435,Flinders,AU,2021-04-09 20:51:32,-34.5833,150.8552,60.01,72,71,1.01
436,Fort Nelson,CA,2021-04-09 20:53:23,58.8053,-122.7002,33.8,55,20,14.97
437,Caceres,ES,2021-04-09 20:56:10,39.522,-6.3748,53.01,91,86,5.99
438,Jackson,US,2021-04-09 20:56:10,42.4165,-122.8345,64.0,38,1,4.61
439,Waterloo,CA,2021-04-09 20:54:11,43.4668,-80.5164,72.0,49,20,10.36
440,Porto Velho,BR,2021-04-09 20:56:11,-8.7619,-63.9039,77.0,94,75,2.3
441,Kruisfontein,ZA,2021-04-09 20:51:48,-34.0033,24.7314,57.0,92,88,1.01
442,Praia,CV,2021-04-09 20:56:11,14.9215,-23.5087,71.6,78,20,20.71
443,Port Lincoln,AU,2021-04-09 20:56:12,-34.7333,135.8667,61.95,65,100,17.36
444,Tilichiki,RU,2021-04-09 20:55:27,60.4667,166.1,5.54,90,100,13.24
445,Menongue,AO,2021-04-09 20:51:16,-14.6585,17.691,62.98,67,23,4.52
446,Axim,GH,2021-04-09 20:56:12,4.8699,-2.2405,81.14,83,99,4.21
447,Kruje,AL,2021-04-09 20:56:12,41.5092,19.7928,41.0,81,0,3.44
448,Soyo,AO,2021-04-09 20:56:13,-6.1349,12.3689,80.69,83,100,4.03
449,Bathurst,AU,2021-04-09 20:56:13,-33.4166,149.5806,48.99,78,100,3.8
450,Yashkul,RU,2021-04-09 20:56:13,46.1711,45.3435,45.14,81,100,17.54
451,Naples,IT,2021-04-09 20:53:28,40.8333,14.25,50.0,57,0,3.44
452,Rosetown,CA,2021-04-09 20:56:14,51.5501,-108.0014,51.8,24,20,14.97
453,Mwene-Ditu,CD,2021-04-09 20:56:14,-7.0,23.45,66.07,90,100,0.27
454,Bintulu,MY,2021-04-09 20:56:14,3.1667,113.0333,75.2,100,20,2.3
455,Pangkalanbuun,ID,2021-04-09 20:56:15,-2.6833,111.6167,72.9,97,99,2.19
456,Mangalia,RO,2021-04-09 20:56:15,43.8,28.5833,37.4,70,0,6.91
457,Hovd,MN,2021-04-09 20:56:15,48.0056,91.6419,31.55,79,14,1.68
458,North Bend,US,2021-04-09 20:55:35,43.4065,-124.2243,53.01,58,1,14.97
459,Conde,BR,2021-04-09 20:56:16,-7.2597,-34.9075,75.2,100,75,21.85
460,Yeniseysk,RU,2021-04-09 20:56:16,58.4497,92.1703,29.1,93,89,3.51
461,Alberton,CA,2021-04-09 20:56:16,46.8168,-64.0654,50.0,66,99,3.44
462,Vao,NC,2021-04-09 20:56:17,-22.6667,167.4833,77.77,88,60,21.7
463,Kavieng,PG,2021-04-09 20:56:17,-2.5744,150.7967,81.5,74,83,2.15
464,Veraval,IN,2021-04-09 20:56:17,20.9,70.3667,79.05,67,0,11.21
465,Williams Lake,CA,2021-04-09 20:56:18,52.1415,-122.1445,55.0,33,40,16.11
466,Sur,OM,2021-04-09 20:53:16,22.5667,59.5289,79.79,58,0,13.35
467,Mari-Turek,RU,2021-04-09 20:56:18,56.7895,49.6235,29.03,96,100,2.08
468,Bindura,ZW,2021-04-09 20:56:18,-17.3019,31.3306,61.0,73,89,1.01
469,Amarante Do Maranhao,BR,2021-04-09 20:56:19,-5.5667,-46.7422,77.61,80,100,3.78
470,Uppsala,SE,2021-04-09 20:56:19,60.0,17.75,37.99,93,75,10.36
471,Cockburn Town,TC,2021-04-09 20:56:19,21.4612,-71.1419,75.43,64,21,16.11
472,Acarau,BR,2021-04-09 20:56:19,-2.8856,-40.12,81.27,77,85,16.02
473,Marystown,CA,2021-04-09 20:56:20,47.1666,-55.1483,45.68,86,99,21.05
474,Itoman,JP,2021-04-09 20:56:20,26.1247,127.6694,69.8,68,20,9.22
475,Maceio,BR,2021-04-09 20:56:20,-9.6658,-35.7353,82.4,69,40,12.66
476,Saldanha,ZA,2021-04-09 20:56:21,-33.0117,17.9442,62.6,82,83,6.91
477,Rawson,AR,2021-04-09 20:56:21,-43.3002,-65.1023,57.33,64,73,8.57
478,Aranos,NA,2021-04-09 20:56:21,-24.1333,19.1167,73.31,31,0,9.33
479,Yacuiba,BO,2021-04-09 20:56:22,-22.038,-63.6797,86.0,71,69,1.99
480,Voznesenye,RU,2021-04-09 20:56:22,61.0106,35.4781,37.9,71,84,17.67
481,Gimli,CA,2021-04-09 20:56:22,50.6336,-96.9907,35.6,80,100,11.5
482,Morehead,US,2021-04-09 20:56:23,37.2711,-87.1764,84.2,24,40,12.66
483,Ambilobe,MG,2021-04-09 20:52:09,-13.2,49.05,72.9,96,78,2.77
484,Muslyumovo,RU,2021-04-09 20:56:23,55.3033,53.1947,34.2,99,100,5.73
485,Moroni,KM,2021-04-09 20:55:13,-11.7022,43.2551,79.93,75,94,4.16
486,Butajira,ET,2021-04-09 20:57:23,8.1167,38.3667,66.56,24,57,0.85
487,Dongsheng,CN,2021-04-09 20:57:24,39.8161,109.9776,42.96,72,96,10.92
488,Choma,ZM,2021-04-09 20:57:24,-16.8065,26.9531,59.7,57,0,1.39
489,Urengoy,RU,2021-04-09 20:57:24,65.9667,78.3667,32.16,84,100,18.5
490,Mount Isa,AU,2021-04-09 20:57:24,-20.7333,139.5,62.6,55,72,6.64
491,Svetlyy,RU,2021-04-09 20:57:25,54.675,20.1347,48.2,49,0,8.95
492,Sjenica,RS,2021-04-09 20:57:25,43.2731,19.9994,30.38,79,10,4.05
493,North Platte,US,2021-04-09 20:57:25,41.1239,-100.7654,44.6,53,90,24.16
494,La Rioja,ES,2021-04-09 20:57:26,42.25,-2.5,48.99,87,90,11.5
495,Damietta,EG,2021-04-09 20:57:26,31.4165,31.8133,59.0,58,20,20.71
496,Simplicio Mendes,BR,2021-04-09 20:57:26,-7.8539,-41.9103,87.76,30,89,3.74
497,Amahai,ID,2021-04-09 20:57:26,-3.3333,128.9167,77.23,86,90,2.95
498,Feicheng,CN,2021-04-09 20:57:27,35.2606,117.9675,49.98,51,100,2.44
499,Svirsk,RU,2021-04-09 20:57:27,53.0858,103.3325,32.04,78,97,7.99
500,Malanville,BJ,2021-04-09 20:57:27,11.8685,3.3899,90.16,10,34,2.66
501,Punta Alta,AR,2021-04-09 20:53:33,-38.8759,-62.0736,70.77,36,0,4.0
502,Berlevag,NO,2021-04-09 20:57:28,70.8578,29.0864,26.6,59,0,24.16
503,Santa Luzia,BR,2021-04-09 20:57:28,-19.7697,-43.8514,75.2,50,20,13.8
504,Serafimovich,RU,2021-04-09 20:57:28,49.5786,42.736,41.0,81,100,5.99
505,Acapulco,MX,2021-04-09 20:55:42,16.8634,-99.8901,86.0,66,1,6.91
506,Kolondieba,ML,2021-04-09 20:57:29,11.0882,-6.8926,89.26,11,4,3.36
507,Ayan,RU,2021-04-09 20:57:29,56.45,138.1667,14.47,90,96,2.68
508,Irbil,IQ,2021-04-09 20:55:55,36.1926,44.0106,69.8,37,40,11.5
509,Mayo,US,2021-04-09 20:57:29,38.8876,-76.5119,60.01,94,90,6.91
510,Lensk,RU,2021-04-09 20:57:30,60.7253,114.9278,10.8,94,100,6.33
511,Parainen,FI,2021-04-09 20:57:30,60.3067,22.301,39.99,93,90,14.97
512,Rosetta,EG,2021-04-09 20:54:12,31.4044,30.4164,59.0,55,40,13.8
513,Bukama,CD,2021-04-09 20:56:14,-9.2,25.85,70.23,94,99,2.82
514,Assiniboia,CA,2021-04-09 20:56:11,49.6334,-105.9845,50.0,14,0,9.22
515,Coos Bay,US,2021-04-09 20:54:37,43.3665,-124.2179,53.01,58,1,14.97
516,Yabrud,SY,2021-04-09 20:57:30,33.9674,36.6574,53.6,54,0,19.57
517,Taurage,LT,2021-04-09 20:57:31,55.2522,22.2897,41.02,67,94,12.82
518,Yarmouth,US,2021-04-09 20:57:31,41.7057,-70.2286,55.99,67,1,8.05
519,Ostrovnoy,RU,2021-04-09 20:57:31,68.0531,39.5131,27.7,83,23,21.5
520,Ginir,ET,2021-04-09 20:57:32,7.1333,40.7,60.01,49,59,4.34
521,Huangzhai,CN,2021-04-09 20:57:32,38.0751,112.6595,50.0,66,100,6.71
522,Nichinan,JP,2021-04-09 20:57:32,31.6,131.3667,53.04,80,11,13.13
523,Te Anau,NZ,2021-04-09 20:57:32,-45.4167,167.7167,49.48,93,100,1.57
524,Antsirabe,MG,2021-04-09 20:57:33,-19.85,47.0333,58.84,94,100,2.71
525,La Ronge,CA,2021-04-09 20:57:33,55.1001,-105.2842,37.4,51,13,6.91
526,Iskateley,RU,2021-04-09 20:57:33,67.6803,53.1512,32.2,78,78,15.57
527,Porosozero,RU,2021-04-09 20:57:34,62.7191,32.727,34.07,96,100,17.25
528,Santa Rosa,PH,2021-04-09 20:52:38,14.3122,121.1114,80.6,74,20,3.44
529,Grindavik,IS,2021-04-09 20:57:34,63.8424,-22.4338,30.2,80,40,4.61
530,Pec,XK,2021-04-09 20:57:34,42.6591,20.2883,37.4,65,0,4.14
531,Okahandja,NA,2021-04-09 20:57:35,-21.9833,16.9167,66.0,52,0,6.91
532,Bowen,AU,2021-04-09 20:57:35,-20.0167,148.2333,69.8,94,13,4.81
533,Tabou,CI,2021-04-09 20:57:35,4.423,-7.3528,80.08,85,16,5.5
534,Rexburg,US,2021-04-09 20:57:36,43.826,-111.7897,48.0,28,1,8.05
535,Athens,GR,2021-04-09 20:52:52,37.9795,23.7162,48.0,49,0,5.41
536,Casablanca,MA,2021-04-09 20:53:23,33.5928,-7.6192,62.01,88,0,4.61
537,Peterhead,GB,2021-04-09 20:57:36,57.5058,-1.7981,35.01,86,75,9.22
538,Bulgan,MN,2021-04-09 20:57:36,48.8125,103.5347,33.28,64,100,4.0
539,Zomin,UZ,2021-04-09 20:57:37,39.9606,68.3958,54.12,43,0,3.33
540,Polunochnoye,RU,2021-04-09 20:57:37,60.8697,60.4153,31.03,96,100,1.88
541,Vardo,NO,2021-04-09 20:58:37,70.3705,31.1107,23.0,63,0,13.8
542,Nyurba,RU,2021-04-09 20:58:38,63.2842,118.3319,7.0,91,100,8.59
543,Beringovskiy,RU,2021-04-09 20:58:38,63.05,179.3167,5.74,92,100,14.72
544,Daru,PG,2021-04-09 20:58:38,-9.0763,143.2092,76.37,89,98,5.46
545,Krasnosilka,UA,2021-04-09 20:58:39,46.6226,30.7742,37.4,70,0,5.88
546,Isiro,CD,2021-04-09 20:58:39,2.7739,27.616,65.35,97,100,2.98
547,Mochicahui,MX,2021-04-09 20:58:39,25.9333,-108.9333,86.0,39,1,6.91
548,Cimitarra,CO,2021-04-09 20:58:39,6.3142,-73.9497,76.44,89,100,1.1
549,Zapolyarnyy,RU,2021-04-09 20:58:40,69.4154,30.8136,23.0,63,0,4.61
550,Bandarawela,LK,2021-04-09 20:58:40,6.8305,80.9888,61.75,87,10,1.88
551,Makokou,GA,2021-04-09 20:58:40,0.5738,12.8642,72.72,87,100,1.79
552,Puerto Madryn,AR,2021-04-09 20:58:41,-42.7692,-65.0385,59.97,59,78,9.4
553,Kieta,PG,2021-04-09 20:58:41,-6.2167,155.6333,79.84,84,98,2.44
554,Porto Novo,BJ,2021-04-09 20:58:41,6.4965,2.6036,84.2,74,20,8.05
555,Texarkana,US,2021-04-09 20:58:41,33.4251,-94.0477,68.0,100,1,8.05
556,Honningsvag,NO,2021-04-09 20:58:42,70.9821,25.9704,28.4,74,20,13.8
557,Nardaran,AZ,2021-04-09 20:58:42,40.5561,50.0056,53.6,82,0,23.02
558,Riyadh,SA,2021-04-09 20:54:32,24.6877,46.7219,95.0,9,20,8.05
559,Sorland,NO,2021-04-09 20:58:42,67.667,12.6934,34.88,51,100,13.51
560,Thunder Bay,CA,2021-04-09 20:54:13,48.4001,-89.3168,46.4,87,90,11.5
561,Vondrozo,MG,2021-04-09 20:58:43,-22.8167,47.2833,66.81,98,100,1.03
562,Maniitsoq,GL,2021-04-09 20:56:18,65.4167,-52.9,31.87,99,100,18.21
563,Teguldet,RU,2021-04-09 20:58:43,57.3064,88.1667,28.81,98,99,3.62
564,Conceicao Das Alagoas,BR,2021-04-09 20:58:43,-19.9147,-48.3883,77.79,43,0,6.17
565,Aranjuez,ES,2021-04-09 20:58:44,40.0311,-3.6025,55.99,73,97,5.99
566,Bathsheba,BB,2021-04-09 20:58:44,13.2167,-59.5167,84.2,58,20,16.11
567,Ludvika,SE,2021-04-09 20:58:44,60.1496,15.1878,34.0,80,20,8.05
568,Vanimo,PG,2021-04-09 20:58:45,-2.6741,141.3028,78.31,88,100,7.11
569,Port Macquarie,AU,2021-04-09 20:58:45,-31.4333,152.9167,62.01,99,77,1.01
570,Otradnoye,RU,2021-04-09 20:56:15,59.7775,30.8181,39.99,75,75,20.13
571,Batagay,RU,2021-04-09 20:58:45,67.6333,134.6333,-21.24,100,100,2.93
572,Keti Bandar,PK,2021-04-09 20:58:46,24.1447,67.4497,79.61,65,44,15.41
573,Portel,BR,2021-04-09 20:58:46,-1.9356,-50.8211,79.25,90,89,3.11
574,Barra Do Garcas,BR,2021-04-09 20:58:46,-15.89,-52.2567,86.0,62,40,5.75
575,Coari,BR,2021-04-09 20:58:47,-4.085,-63.1414,85.48,67,94,3.65
576,Havre-Saint-Pierre,CA,2021-04-09 20:58:47,50.2334,-63.5986,50.0,34,1,16.11
577,Listvyanskiy,RU,2021-04-09 20:58:47,54.4399,83.4984,32.0,77,6,7.29
578,Atbasar,KZ,2021-04-09 20:58:48,51.8,68.3333,32.77,94,100,8.28
579,Adjumani,UG,2021-04-09 20:58:48,3.3779,31.7909,69.48,85,85,3.04
580,Dunedin,NZ,2021-04-09 20:58:48,-45.8742,170.5036,53.01,91,91,2.01
581,Angoche,MZ,2021-04-09 20:58:48,-16.2325,39.9086,75.24,88,78,7.07
582,Bardiyah,LY,2021-04-09 20:58:49,31.7561,25.0865,55.83,55,65,23.91
583,Torrington,US,2021-04-09 20:58:49,41.8007,-73.1212,64.99,54,100,1.99
584,Najran,SA,2021-04-09 20:58:49,17.4924,44.1277,77.0,18,0,1.92
